Configuracao (ms),Media (ms),Desvio Padrao (ms)
1,0.9999989969909729,0.009951942707411322
10,10.00011334002006,0.01802430845716888
100,100.00158762886596,0.016142434100660772
